"path","category"
"完整副本/04_内容发布/00_Zeno发布中台/_config/publish-sync.config.json","本人已发布内容"
"完整副本/04_内容发布/00_Zeno发布中台/_logs/sync-log.md","本人已发布内容"
"完整副本/04_内容发布/00_Zeno发布中台/_synced/wechat_oa/2026-06-02-demo-zhuangxiu-zangu/copy.md","本人已发布内容"
"完整副本/04_内容发布/00_Zeno发布中台/_synced/xiaohongshu/2026-06-02-demo-zhuangxiu-zangu/copy.md","本人已发布内容"
"完整副本/04_内容发布/00_Zeno发布中台/02_packages_发布包/_template/copy.md","本人已发布内容"
"完整副本/04_内容发布/00_Zeno发布中台/02_packages_发布包/2026-06-02-demo-装修报价里的暂估/copy.md","本人已发布内容"
"完整副本/04_内容发布/00_Zeno发布中台/README.md","本人已发布内容"
"完整副本/04_内容发布/小红书/2026-05-17-按实结算图文/发布文案.md","本人已发布内容"
"完整副本/04_内容发布/小红书/2026-05-17-另计不含图文/发布文案.md","本人已发布内容"
"完整副本/04_内容发布/小红书/2026-05-17-暂估图文/发布文案.md","本人已发布内容"
"完整副本/04_内容发布/小红书/2026-05-18-品牌材料图文/发布文案.md","本人已发布内容"
"完整副本/04_内容发布/小红书/2026-05-18-以现场为准图文/发布文案.md","本人已发布内容"
"完整副本/03_内容创作母系统/00_旧观点库/_模板-旧观点卡.md","本人未发布成熟稿件"
"完整副本/03_内容创作母系统/00_旧观点库/2026-05-30/信任崩塌的时代瑕疵无价.md","本人未发布成熟稿件"
"完整副本/03_内容创作母系统/00_旧观点库/第一批旧观点卡-2026-05-28/01-报价单不是价格表而是责任边界表.md","本人未发布成熟稿件"
"完整副本/03_内容创作母系统/00_旧观点库/第一批旧观点卡-2026-05-28/02-便宜报价要看省掉了什么.md","本人未发布成熟稿件"
"完整副本/03_内容创作母系统/00_旧观点库/第一批旧观点卡-2026-05-28/03-暂估不是优惠是未确定.md","本人未发布成熟稿件"
"完整副本/03_内容创作母系统/00_旧观点库/第一批旧观点卡-2026-05-28/04-按实结算关键是单价和确认流程.md","本人未发布成熟稿件"
"完整副本/03_内容创作母系统/00_旧观点库/第一批旧观点卡-2026-05-28/05-另计不含是在提醒责任还没进报价.md","本人未发布成熟稿件"
"完整副本/03_内容创作母系统/00_旧观点库/第一批旧观点卡-2026-05-28/06-品牌不是交付材料的全部.md","本人未发布成熟稿件"
"完整副本/03_内容创作母系统/00_旧观点库/第一批旧观点卡-2026-05-28/07-口头承诺不写进去就不是交付边界.md","本人未发布成熟稿件"
"完整副本/03_内容创作母系统/00_旧观点库/第一批旧观点卡-2026-05-28/08-担心要翻译成能问的问题.md","本人未发布成熟稿件"
"完整副本/03_内容创作母系统/00_旧观点库/第一批旧观点卡-2026-05-28/09-问题模糊不是答案不够而是词没拆开.md","本人未发布成熟稿件"
"完整副本/03_内容创作母系统/00_旧观点库/第一批旧观点卡-2026-05-28/10-传统行业人学AI不是转型是经验系统化.md","本人未发布成熟稿件"
"完整副本/03_内容创作母系统/00_旧观点库/第一批旧观点卡-2026-05-28/11-AI放大的不是空白能力而是已有判断.md","本人未发布成熟稿件"
"完整副本/03_内容创作母系统/00_旧观点库/第一批旧观点卡-2026-05-28/12-不是多记笔记而是让AI下次接得上.md","本人未发布成熟稿件"
"完整副本/03_内容创作母系统/00_旧观点库/第一批旧观点卡-2026-05-28/13-本地方法库不是模板化内容工厂.md","本人未发布成熟稿件"
"完整副本/03_内容创作母系统/00_旧观点库/第一批旧观点卡-2026-05-28/14-爆款选题只借题不借内容.md","本人未发布成熟稿件"
"完整副本/03_内容创作母系统/00_旧观点库/第一批旧观点卡-2026-05-28/15-先检索旧观点再做素材膨胀.md","本人未发布成熟稿件"
"完整副本/03_内容创作母系统/00_旧观点库/第一批旧观点卡-2026-05-28/16-同一爆款题可以复用旧观点也可以故意回避旧观点.md","本人未发布成熟稿件"
"完整副本/03_内容创作母系统/00_旧观点库/第一批旧观点卡-2026-05-28/17-重要逐字稿不交给AI一键完成.md","本人未发布成熟稿件"
"完整副本/03_内容创作母系统/00_旧观点库/第一批旧观点卡-2026-05-28/18-一个真实问题至少用三次.md","本人未发布成熟稿件"
"完整副本/03_内容创作母系统/00_旧观点库/第一批旧观点卡-2026-05-28/19-不要从我有什么出发要从谁为什么付钱倒推.md","本人未发布成熟稿件"
"完整副本/03_内容创作母系统/00_旧观点库/第一批旧观点卡-2026-05-28/20-内容不是一次流量而是信任和服务资产.md","本人未发布成熟稿件"
"完整副本/03_内容创作母系统/00_旧观点库/第一批旧观点卡-2026-05-28/README.md","本人未发布成熟稿件"
"完整副本/03_内容创作母系统/00_旧观点库/旧观点候选清单-2026-05-28.md","本人未发布成熟稿件"
"完整副本/03_内容创作母系统/00_旧观点库/README.md","本人未发布成熟稿件"
"完整副本/03_内容创作母系统/01_爆款选题库/_模板-爆款选题记录.md","本人未发布成熟稿件"
"完整副本/03_内容创作母系统/01_爆款选题库/_模板-Zeno内容雷达来源库.md","本人未发布成熟稿件"
"完整副本/03_内容创作母系统/01_爆款选题库/_模板-Zeno内容雷达战报.md","本人未发布成熟稿件"
"完整副本/03_内容创作母系统/01_流量与对标/抖音爆款链接批量抓取工具.md","本人未发布成熟稿件"
"完整副本/03_内容创作母系统/02_素材膨胀记录/_模板-素材膨胀记录.md","本人未发布成熟稿件"
"完整副本/03_内容创作母系统/03_人工写稿素材包/_模板-人工写稿素材包.md","本人未发布成熟稿件"
"完整副本/03_内容创作母系统/05_平台表达规则/README.md","本人未发布成熟稿件"
"完整副本/03_内容创作母系统/README.md","本人未发布成熟稿件"
"完整副本/03_素材证据库/报价预算/2026-BJ-002-基础部分总合计报价风险.md","外部研究素材"
"完整副本/03_素材证据库/报价预算/报价案例模板.md","外部研究素材"
"完整副本/03_素材证据库/方法卡/把模糊词拆成可判断问题.md","外部研究素材"
"完整副本/03_素材证据库/方法卡/报价风险词库/_模板-报价风险词方法卡.md","外部研究素材"
"完整副本/03_素材证据库/方法卡/报价风险词库/01-按实结算.md","外部研究素材"
"完整副本/03_素材证据库/方法卡/报价风险词库/02-暂估.md","外部研究素材"
"完整副本/03_素材证据库/方法卡/报价风险词库/03-以现场为准.md","外部研究素材"
"完整副本/03_素材证据库/方法卡/报价风险词库/04-另计不含.md","外部研究素材"
"完整副本/03_素材证据库/方法卡/报价风险词库/05-品牌材料.md","外部研究素材"
"完整副本/03_素材证据库/方法卡/报价风险词库/README.md","外部研究素材"
"完整副本/03_素材证据库/方法卡/传统行业人的AI机会：把经验变成系统.md","外部研究素材"
"完整副本/03_素材证据库/方法卡/方法卡模板.md","外部研究素材"
"完整副本/03_素材证据库/方法卡/个人重大决策回看系统.md","外部研究素材"
"完整副本/03_素材证据库/方法卡/内容资产写作分层规则：方法要短文章要像人话.md","外部研究素材"
"完整副本/03_素材证据库/方法卡/内容资产转化纠偏：不要抄表面要吸收底层结构.md","外部研究素材"
"完整副本/03_素材证据库/方法卡/一问三用：把真实问题变成内容、产品和复利资产.md","外部研究素材"
"完整副本/03_素材证据库/方法卡/语言校准：把伪概念变成可行动判断.md","外部研究素材"
"完整副本/03_素材证据库/方法卡/装修报价风险洞察六层框架.md","外部研究素材"
"完整副本/03_素材证据库/方法卡/AI五阶段学习闭环：从提示词到内容资产系统.md","外部研究素材"
"完整副本/03_素材证据库/方法卡/Zeno对标拆解表.md","外部研究素材"
"完整副本/03_素材证据库/方法卡/Zeno回答模板.md","外部研究素材"
"完整副本/03_素材证据库/方法卡/Zeno决策红线清单.md","外部研究素材"
"完整副本/03_素材证据库/方法卡/Zeno专用内容资产闭环.md","外部研究素材"
"完整副本/03_素材证据库/方法卡/ZenoAIHome创业方法论纠偏：从能力逻辑到需求倒推.md","外部研究素材"
"完整副本/03_素材证据库/方法卡/ZenoAIHome内容资产飞轮：从装修经验到报价审核服务.md","外部研究素材"
"完整副本/03_素材证据库/工地现场/工地观察模板.md","外部研究素材"
"完整副本/03_素材证据库/金句书摘/金句书摘模板.md","外部研究素材"
"完整副本/03_素材证据库/客户案例/案例模板.md","外部研究素材"
"完整副本/03_素材证据库/客户声音/装修平台评论区痛点采集与定位校准项目.md","外部研究素材"
"完整副本/03_素材证据库/数据资料/数据资料模板.md","外部研究素材"
